<application>
  <component name="GeneralSettings">
    <option name="autoSaveIfInactive" value="true" />
    <option name="confirmExit" value="false" />
    <option name="defaultProjectDirectory" value="$USER_HOME$/solutions/cs" />
    <option name="reopenLastProject" value="false" />
    <option name="showTipsOnStartup" value="false" />
  </component>
  <component name="Registry">
    <entry key="ide.require.transaction.for.model.changes" value="false" />
    <entry key="search.everywhere.pattern.checking" value="false" />
    <entry key="actionSystem.fix.alt.gr" value="false" />
    <entry key="parameter.info.max.visible.rows" value="10" />
    <entry key="ide.tooltip.initialDelay" value="0" />
    <entry key="ide.tooltip.initialDelay.highlighter" value="0" />
    <entry key="ide.win.file.chooser.native" value="true" />
    <entry key="ide.tree.horizontal.default.autoscrolling" value="false" />
    <entry key="ide.win.frame.decoration" value="true" />
    <entry key="search.everywhere.settings" value="true" />
  </component>
</application>