<code_scheme name="Default" version="173">
  <PostgresCodeStyleSettings version="2">
    <option name="USE_GENERIC_STYLE" value="true" />
  </PostgresCodeStyleSettings>
  <SqlCodeStyleSettings version="2">
    <option name="KEYWORD_CASE" value="0" />
    <option name="TYPE_CASE" value="0" />
    <option name="INSERT_VALUES_EL_LINE" value="101" />
    <option name="ROUTINE_ARG_ALIGN_TYPES" value="true" />
    <option name="IMP_COMMON_WRAP_EVERY_STATEMENT" value="true" />
    <option name="IMP_DECLARE_ALIGN_DEFAULT" value="true" />
    <option name="IMP_IF_THEN_WRAP_THEN" value="true" />
    <option name="IMP_IF_THEN_INDENT_THEN_ELSE" value="true" />
    <option name="IMP_IF_THEN_INDENT_END" value="true" />
    <option name="IMP_LOOP_END_INDENT" value="true" />
    <option name="EXPR_CASE_THEN_ALIGN" value="true" />
  </SqlCodeStyleSettings>
  <codeStyleSettings language="SQL">
    <indentOptions>
      <option name="CONTINUATION_INDENT_SIZE" value="2" />
      <option name="USE_TAB_CHARACTER" value="true" />
      <option name="SMART_TABS" value="true" />
    </indentOptions>
  </codeStyleSettings>
</code_scheme>