<application>
  <component name="CodeFoldingSettings">
    <option name="COLLAPSE_METHODS" value="true" />
    <option name="COLLAPSE_DOC_COMMENTS" value="true" />
    <option name="COLLAPSE_CUSTOM_FOLDING_REGIONS" value="true" />
  </component>
  <component name="CodeInsightSettings">
    <option name="selectAutopopupSuggestionsByChars" value="true" />
    <option name="AUTO_POPUP_JAVADOC_INFO" value="true" />
    <option name="COMPLETION_CASE_SENSITIVE" value="2" />
    <option name="SELECT_AUTOPOPUP_SUGGESTIONS_BY_CHARS" value="true" />
    <option name="AUTOCOMPLETE_ON_CODE_COMPLETION" value="false" />
    <option name="SHOW_FULL_SIGNATURES_IN_PARAMETER_INFO" value="true" />
    <option name="INSERT_BRACE_ON_ENTER" value="false" />
    <option name="SURROUND_SELECTION_ON_QUOTE_TYPED" value="true" />
    <option name="REFORMAT_ON_PASTE" value="4" />
  </component>
  <component name="DaemonCodeAnalyzerSettings">
    <option name="SHOW_METHOD_SEPARATORS" value="true" />
  </component>
  <component name="RiderCodeCompletionExtraSettings">
    <option name="hasNotifiedAboutCompletingWithSpace" value="true" />
  </component>
  <component name="XmlFoldingSettings">
    <option name="COLLAPSE_XML_TAGS" value="true" />
  </component>
</application>